mode,candidates,wall,cpu,imports,generation,verification,report_html,serialization,peak_rss_call,peak_rss_pre_call,peak_rss_report,traced_allocation_peak,trace,serialized_bytes,report_html_bytes,audit_rows,report_html_sha256,candidate_rows,input_sha256,python,pandas,numpy,sample,source,warmup
full,5040,54.322443099925295,54.109375,0.6113440000917763,0.02141080005094409,1.196201500017196,8.844045300036669,0.061522800009697676,249991168,93458432,249991168,,False,15316325,3286366,10080,5c0da12c1cf0dafd2122197d776b059c94e2f7f8a66e9799e274ebeb6ff506db,5040,44f229a555af0a2eab685b27c1144ba75ac6715e647ea9dc5bbe0fee0ead2099,"3.12.6 (tags/v3.12.6:a4a2d2b, Sep  6 2024, 20:11:23) [MSC v.1940 64 bit (AMD64)]",2.2.3,2.5.3,baseline-full-180-0,baseline,False
full,84,0.9838278000243008,0.96875,0.6788461001124233,0.010481500066816807,0.12158909998834133,0.2360589001327753,0.003118900116533041,95322112,91713536,103055360,,False,267686,55054,168,48ee0420b850df20b001374afbe4ab4274165f33f0c723cc000908ce8b0c6cd5,84,9996edf63e9cfb418f1151eab4e63be94cdaf4e0219449404bba13dff892fdfe,"3.12.6 (tags/v3.12.6:a4a2d2b, Sep  6 2024, 20:11:23) [MSC v.1940 64 bit (AMD64)]",2.2.3,2.5.3,baseline-full-3--1,baseline,True
full,84,3.0405590999871492,3.015625,0.5675761001184583,0.009730200050398707,0.11289400001987815,0.19520180020481348,0.003261800156906247,98877440,90779648,105373696,3258406,True,267686,55054,168,48ee0420b850df20b001374afbe4ab4274165f33f0c723cc000908ce8b0c6cd5,84,9996edf63e9cfb418f1151eab4e63be94cdaf4e0219449404bba13dff892fdfe,"3.12.6 (tags/v3.12.6:a4a2d2b, Sep  6 2024, 20:11:23) [MSC v.1940 64 bit (AMD64)]",2.2.3,2.5.3,baseline-full-3-0-trace,baseline,False
full,84,0.9878124000970274,0.984375,0.5894863000139594,0.009566199965775013,0.10358150000683963,0.18533469992689788,0.003596999915316701,95731712,91357184,103526400,,False,267686,55054,168,48ee0420b850df20b001374afbe4ab4274165f33f0c723cc000908ce8b0c6cd5,84,9996edf63e9cfb418f1151eab4e63be94cdaf4e0219449404bba13dff892fdfe,"3.12.6 (tags/v3.12.6:a4a2d2b, Sep  6 2024, 20:11:23) [MSC v.1940 64 bit (AMD64)]",2.2.3,2.5.3,baseline-full-3-0,baseline,False
full,84,0.9992853999137878,1.0,0.5763008999638259,0.009156899992376566,0.10783690004609525,0.19613629998639226,0.003361700102686882,95404032,91418624,103419904,,False,267686,55054,168,48ee0420b850df20b001374afbe4ab4274165f33f0c723cc000908ce8b0c6cd5,84,9996edf63e9cfb418f1151eab4e63be94cdaf4e0219449404bba13dff892fdfe,"3.12.6 (tags/v3.12.6:a4a2d2b, Sep  6 2024, 20:11:23) [MSC v.1940 64 bit (AMD64)]",2.2.3,2.5.3,baseline-full-3-1,baseline,False
full,84,0.9283161000348628,0.9375,0.5644841000903398,0.00944029982201755,0.10472760000266135,0.18366310000419617,0.0032770000398159027,95723520,91320320,103526400,,False,267686,55054,168,48ee0420b850df20b001374afbe4ab4274165f33f0c723cc000908ce8b0c6cd5,84,9996edf63e9cfb418f1151eab4e63be94cdaf4e0219449404bba13dff892fdfe,"3.12.6 (tags/v3.12.6:a4a2d2b, Sep  6 2024, 20:11:23) [MSC v.1940 64 bit (AMD64)]",2.2.3,2.5.3,baseline-full-3-2,baseline,False
full,84,0.9274182999506593,0.9375,0.5893731999676675,0.009389600018039346,0.10931929992511868,0.1888834999408573,0.003581899916753173,95318016,91750400,103448576,,False,267686,55054,168,48ee0420b850df20b001374afbe4ab4274165f33f0c723cc000908ce8b0c6cd5,84,9996edf63e9cfb418f1151eab4e63be94cdaf4e0219449404bba13dff892fdfe,"3.12.6 (tags/v3.12.6:a4a2d2b, Sep  6 2024, 20:11:23) [MSC v.1940 64 bit (AMD64)]",2.2.3,2.5.3,baseline-full-3-3,baseline,False
full,84,0.9218303998932242,0.921875,0.5652101999148726,0.009327500127255917,0.10169419995509088,0.1818204999435693,0.003187200054526329,95715328,91344896,103510016,,False,267686,55054,168,48ee0420b850df20b001374afbe4ab4274165f33f0c723cc000908ce8b0c6cd5,84,9996edf63e9cfb418f1151eab4e63be94cdaf4e0219449404bba13dff892fdfe,"3.12.6 (tags/v3.12.6:a4a2d2b, Sep  6 2024, 20:11:23) [MSC v.1940 64 bit (AMD64)]",2.2.3,2.5.3,baseline-full-3-4,baseline,False
full,1008,12.63962239981629,12.59375,0.5746768000535667,0.01161259994842112,0.31755860010161996,1.8893001000396907,0.013137900037690997,126214144,91590656,127291392,,False,3069240,657502,2016,dffd6b1fe5d397516df0345921634be16d1b8447d87737072d00170a7420b8c7,1008,4e6c6ca8c5dcc17a427a8df5b310070b85d2e26b5d75c2ce4a7172c5bde42a2e,"3.12.6 (tags/v3.12.6:a4a2d2b, Sep  6 2024, 20:11:23) [MSC v.1940 64 bit (AMD64)]",2.2.3,2.5.3,baseline-full-36-0,baseline,False
full,1008,12.840406300034374,12.625,0.5606778000947088,0.011421900009736419,0.4002928000409156,2.1465056999586523,0.00986750004813075,126242816,91615232,127401984,,False,3069240,657502,2016,dffd6b1fe5d397516df0345921634be16d1b8447d87737072d00170a7420b8c7,1008,4e6c6ca8c5dcc17a427a8df5b310070b85d2e26b5d75c2ce4a7172c5bde42a2e,"3.12.6 (tags/v3.12.6:a4a2d2b, Sep  6 2024, 20:11:23) [MSC v.1940 64 bit (AMD64)]",2.2.3,2.5.3,baseline-full-36-1,baseline,False
full,1008,10.772637600079179,10.75,0.5676998000126332,0.01186780002899468,0.28458729991689324,1.5265661000739783,0.009835999924689531,125685760,91889664,127053824,,False,3069240,657502,2016,dffd6b1fe5d397516df0345921634be16d1b8447d87737072d00170a7420b8c7,1008,4e6c6ca8c5dcc17a427a8df5b310070b85d2e26b5d75c2ce4a7172c5bde42a2e,"3.12.6 (tags/v3.12.6:a4a2d2b, Sep  6 2024, 20:11:23) [MSC v.1940 64 bit (AMD64)]",2.2.3,2.5.3,baseline-full-36-2,baseline,False
full,1008,10.755670900223777,10.6875,0.5684098000638187,0.011381600052118301,0.29314680001698434,1.5205804998986423,0.009843999985605478,126218240,91619328,127397888,,False,3069240,657502,2016,dffd6b1fe5d397516df0345921634be16d1b8447d87737072d00170a7420b8c7,1008,4e6c6ca8c5dcc17a427a8df5b310070b85d2e26b5d75c2ce4a7172c5bde42a2e,"3.12.6 (tags/v3.12.6:a4a2d2b, Sep  6 2024, 20:11:23) [MSC v.1940 64 bit (AMD64)]",2.2.3,2.5.3,baseline-full-36-3,baseline,False
full,1008,10.698196800192818,10.6875,0.5717950998805463,0.01277709985151887,0.29641309985890985,1.5531103999819607,0.009924300014972687,125730816,91901952,127016960,,False,3069240,657502,2016,dffd6b1fe5d397516df0345921634be16d1b8447d87737072d00170a7420b8c7,1008,4e6c6ca8c5dcc17a427a8df5b310070b85d2e26b5d75c2ce4a7172c5bde42a2e,"3.12.6 (tags/v3.12.6:a4a2d2b, Sep  6 2024, 20:11:23) [MSC v.1940 64 bit (AMD64)]",2.2.3,2.5.3,baseline-full-36-4,baseline,False
summary,5040,61.72607410000637,61.515625,0.6683334000408649,0.024694500025361776,0.3572877000551671,7.583933499874547,0.018932400038465858,243937280,93290496,243937280,,False,6135437,3286516,0,aa88b7b4b21ca00030b1bf0f611f376182e1a0d9edc03404f4f92b9c4a4343b6,0,44f229a555af0a2eab685b27c1144ba75ac6715e647ea9dc5bbe0fee0ead2099,"3.12.6 (tags/v3.12.6:a4a2d2b, Sep  6 2024, 20:11:23) [MSC v.1940 64 bit (AMD64)]",2.2.3,2.5.3,baseline-summary-180-0,baseline,False
summary,84,1.2626188001595438,1.03125,0.5813976000063121,0.009853400057181716,0.07134939986281097,0.18741180002689362,0.003562700003385544,95604736,91033600,103211008,,False,121173,55204,0,5c21c00612655caf14267fb9bd7352d91fa35eca73402361dd898e24adaf4d50,0,9996edf63e9cfb418f1151eab4e63be94cdaf4e0219449404bba13dff892fdfe,"3.12.6 (tags/v3.12.6:a4a2d2b, Sep  6 2024, 20:11:23) [MSC v.1940 64 bit (AMD64)]",2.2.3,2.5.3,baseline-summary-3--1,baseline,True
summary,84,3.393291800050065,3.375,0.548709399998188,0.008828699821606278,0.06840529991313815,0.19336949987336993,0.0034104001242667437,100188160,91332608,106483712,3244813,True,121173,55204,0,5c21c00612655caf14267fb9bd7352d91fa35eca73402361dd898e24adaf4d50,0,9996edf63e9cfb418f1151eab4e63be94cdaf4e0219449404bba13dff892fdfe,"3.12.6 (tags/v3.12.6:a4a2d2b, Sep  6 2024, 20:11:23) [MSC v.1940 64 bit (AMD64)]",2.2.3,2.5.3,baseline-summary-3-0-trace,baseline,False
summary,84,1.0253524999134243,1.03125,0.5799100000876933,0.00910170003771782,0.07248639990575612,0.19466540007852018,0.0031827001366764307,95870976,91713536,103030784,,False,121173,55204,0,5c21c00612655caf14267fb9bd7352d91fa35eca73402361dd898e24adaf4d50,0,9996edf63e9cfb418f1151eab4e63be94cdaf4e0219449404bba13dff892fdfe,"3.12.6 (tags/v3.12.6:a4a2d2b, Sep  6 2024, 20:11:23) [MSC v.1940 64 bit (AMD64)]",2.2.3,2.5.3,baseline-summary-3-0,baseline,False
summary,84,0.9911982999183238,0.984375,0.5510071001481265,0.009960699826478958,0.06804160005412996,0.17845089989714324,0.0036585000343620777,96018432,91348992,103796736,,False,121173,55204,0,5c21c00612655caf14267fb9bd7352d91fa35eca73402361dd898e24adaf4d50,0,9996edf63e9cfb418f1151eab4e63be94cdaf4e0219449404bba13dff892fdfe,"3.12.6 (tags/v3.12.6:a4a2d2b, Sep  6 2024, 20:11:23) [MSC v.1940 64 bit (AMD64)]",2.2.3,2.5.3,baseline-summary-3-1,baseline,False
summary,84,0.9929238001350313,0.984375,0.5603920998983085,0.009384500095620751,0.08009600010700524,0.1811071999836713,0.003965300042182207,95895552,91721728,102772736,,False,121173,55204,0,5c21c00612655caf14267fb9bd7352d91fa35eca73402361dd898e24adaf4d50,0,9996edf63e9cfb418f1151eab4e63be94cdaf4e0219449404bba13dff892fdfe,"3.12.6 (tags/v3.12.6:a4a2d2b, Sep  6 2024, 20:11:23) [MSC v.1940 64 bit (AMD64)]",2.2.3,2.5.3,baseline-summary-3-2,baseline,False
summary,84,0.9859994000289589,0.96875,0.5515511999838054,0.00949550000950694,0.06690010009333491,0.1857906999066472,0.003341499948874116,96014336,91336704,103374848,,False,121173,55204,0,5c21c00612655caf14267fb9bd7352d91fa35eca73402361dd898e24adaf4d50,0,9996edf63e9cfb418f1151eab4e63be94cdaf4e0219449404bba13dff892fdfe,"3.12.6 (tags/v3.12.6:a4a2d2b, Sep  6 2024, 20:11:23) [MSC v.1940 64 bit (AMD64)]",2.2.3,2.5.3,baseline-summary-3-3,baseline,False
summary,84,1.0149733000434935,1.015625,0.5477364999242127,0.008959699887782335,0.06591020012274384,0.18566540000028908,0.003473700024187565,95883264,91713536,102924288,,False,121173,55204,0,5c21c00612655caf14267fb9bd7352d91fa35eca73402361dd898e24adaf4d50,0,9996edf63e9cfb418f1151eab4e63be94cdaf4e0219449404bba13dff892fdfe,"3.12.6 (tags/v3.12.6:a4a2d2b, Sep  6 2024, 20:11:23) [MSC v.1940 64 bit (AMD64)]",2.2.3,2.5.3,baseline-summary-3-4,baseline,False
summary,1008,12.942201599944383,12.84375,0.5515608999412507,0.011455199914053082,0.14239519997499883,1.7345656000543386,0.006577900145202875,124129280,91320320,124129280,,False,1242360,657652,0,304aaf5bca226955384c2c11d8acb8d2a15be0a5b04ad4a2346a16e4a9861cad,0,4e6c6ca8c5dcc17a427a8df5b310070b85d2e26b5d75c2ce4a7172c5bde42a2e,"3.12.6 (tags/v3.12.6:a4a2d2b, Sep  6 2024, 20:11:23) [MSC v.1940 64 bit (AMD64)]",2.2.3,2.5.3,baseline-summary-36-0,baseline,False
summary,1008,13.073526100022718,12.734375,0.5702464999631047,0.011551599949598312,0.13291670009493828,2.102936400100589,0.00592179992236197,123822080,91500544,123822080,,False,1242360,657652,0,304aaf5bca226955384c2c11d8acb8d2a15be0a5b04ad4a2346a16e4a9861cad,0,4e6c6ca8c5dcc17a427a8df5b310070b85d2e26b5d75c2ce4a7172c5bde42a2e,"3.12.6 (tags/v3.12.6:a4a2d2b, Sep  6 2024, 20:11:23) [MSC v.1940 64 bit (AMD64)]",2.2.3,2.5.3,baseline-summary-36-1,baseline,False
summary,1008,11.022485899971798,10.96875,0.5681171999312937,0.014460799982771277,0.11456870008260012,1.516358899883926,0.005637099966406822,124166144,91320320,124166144,,False,1242360,657652,0,304aaf5bca226955384c2c11d8acb8d2a15be0a5b04ad4a2346a16e4a9861cad,0,4e6c6ca8c5dcc17a427a8df5b310070b85d2e26b5d75c2ce4a7172c5bde42a2e,"3.12.6 (tags/v3.12.6:a4a2d2b, Sep  6 2024, 20:11:23) [MSC v.1940 64 bit (AMD64)]",2.2.3,2.5.3,baseline-summary-36-2,baseline,False
summary,1008,10.75567700015381,10.734375,0.5524004001636058,0.011276599951088428,0.13406329997815192,1.5198203001637012,0.005705300020053983,123830272,91488256,123830272,,False,1242360,657652,0,304aaf5bca226955384c2c11d8acb8d2a15be0a5b04ad4a2346a16e4a9861cad,0,4e6c6ca8c5dcc17a427a8df5b310070b85d2e26b5d75c2ce4a7172c5bde42a2e,"3.12.6 (tags/v3.12.6:a4a2d2b, Sep  6 2024, 20:11:23) [MSC v.1940 64 bit (AMD64)]",2.2.3,2.5.3,baseline-summary-36-3,baseline,False
summary,1008,10.697910799877718,10.671875,0.5526386999990791,0.011267000110819936,0.1182498000562191,1.5107137998566031,0.005692100152373314,124129280,91287552,124129280,,False,1242360,657652,0,304aaf5bca226955384c2c11d8acb8d2a15be0a5b04ad4a2346a16e4a9861cad,0,4e6c6ca8c5dcc17a427a8df5b310070b85d2e26b5d75c2ce4a7172c5bde42a2e,"3.12.6 (tags/v3.12.6:a4a2d2b, Sep  6 2024, 20:11:23) [MSC v.1940 64 bit (AMD64)]",2.2.3,2.5.3,baseline-summary-36-4,baseline,False
full,5040,37.061150799971074,36.9375,0.5767616999801248,0.024791300063952804,1.0949552999809384,1.0844064999837428,0.03703580005094409,249425920,93630464,249425920,,False,15316325,3286366,10080,5c0da12c1cf0dafd2122197d776b059c94e2f7f8a66e9799e274ebeb6ff506db,5040,44f229a555af0a2eab685b27c1144ba75ac6715e647ea9dc5bbe0fee0ead2099,"3.12.6 (tags/v3.12.6:a4a2d2b, Sep  6 2024, 20:11:23) [MSC v.1940 64 bit (AMD64)]",2.2.3,2.5.3,optimized-full-180-0,optimized,False
full,84,0.6186697999946773,0.625,0.6876477000769228,0.01004799990914762,0.10440630000084639,0.1211934001185,0.002903599990531802,95350784,90959872,103669760,,False,267686,55054,168,48ee0420b850df20b001374afbe4ab4274165f33f0c723cc000908ce8b0c6cd5,84,9996edf63e9cfb418f1151eab4e63be94cdaf4e0219449404bba13dff892fdfe,"3.12.6 (tags/v3.12.6:a4a2d2b, Sep  6 2024, 20:11:23) [MSC v.1940 64 bit (AMD64)]",2.2.3,2.5.3,optimized-full-3--1,optimized,True
full,84,1.9500160000752658,1.953125,0.5904685999266803,0.009842599974945188,0.09985110000707209,0.07085629994980991,0.003221099963411689,98942976,91766784,105869312,3232610,True,267686,55054,168,48ee0420b850df20b001374afbe4ab4274165f33f0c723cc000908ce8b0c6cd5,84,9996edf63e9cfb418f1151eab4e63be94cdaf4e0219449404bba13dff892fdfe,"3.12.6 (tags/v3.12.6:a4a2d2b, Sep  6 2024, 20:11:23) [MSC v.1940 64 bit (AMD64)]",2.2.3,2.5.3,optimized-full-3-0-trace,optimized,False
full,84,0.5945649000350386,0.59375,0.5580738999415189,0.009443199960514903,0.1159580999519676,0.07190819992683828,0.004200299968943,95346688,90959872,103669760,,False,267686,55054,168,48ee0420b850df20b001374afbe4ab4274165f33f0c723cc000908ce8b0c6cd5,84,9996edf63e9cfb418f1151eab4e63be94cdaf4e0219449404bba13dff892fdfe,"3.12.6 (tags/v3.12.6:a4a2d2b, Sep  6 2024, 20:11:23) [MSC v.1940 64 bit (AMD64)]",2.2.3,2.5.3,optimized-full-3-0,optimized,False
full,84,0.5886616001371294,0.59375,0.5618131998926401,0.009269299916923046,0.10380439995788038,0.07380389980971813,0.0033554998226463795,95363072,90976256,103682048,,False,267686,55054,168,48ee0420b850df20b001374afbe4ab4274165f33f0c723cc000908ce8b0c6cd5,84,9996edf63e9cfb418f1151eab4e63be94cdaf4e0219449404bba13dff892fdfe,"3.12.6 (tags/v3.12.6:a4a2d2b, Sep  6 2024, 20:11:23) [MSC v.1940 64 bit (AMD64)]",2.2.3,2.5.3,optimized-full-3-1,optimized,False
full,84,0.5832311999984086,0.578125,0.5509917999152094,0.010017900029197335,0.1187567999586463,0.07276859995909035,0.0035240999422967434,95363072,90947584,103493632,,False,267686,55054,168,48ee0420b850df20b001374afbe4ab4274165f33f0c723cc000908ce8b0c6cd5,84,9996edf63e9cfb418f1151eab4e63be94cdaf4e0219449404bba13dff892fdfe,"3.12.6 (tags/v3.12.6:a4a2d2b, Sep  6 2024, 20:11:23) [MSC v.1940 64 bit (AMD64)]",2.2.3,2.5.3,optimized-full-3-2,optimized,False
full,84,0.5784638000186533,0.578125,0.5649697999469936,0.00913369981572032,0.10059940000064671,0.06997600011527538,0.0032269000075757504,95363072,90939392,103739392,,False,267686,55054,168,48ee0420b850df20b001374afbe4ab4274165f33f0c723cc000908ce8b0c6cd5,84,9996edf63e9cfb418f1151eab4e63be94cdaf4e0219449404bba13dff892fdfe,"3.12.6 (tags/v3.12.6:a4a2d2b, Sep  6 2024, 20:11:23) [MSC v.1940 64 bit (AMD64)]",2.2.3,2.5.3,optimized-full-3-3,optimized,False
full,84,0.5895729998592287,0.59375,0.5612488000188023,0.009212999837473035,0.10109209991060197,0.07242850004695356,0.003853200003504753,95354880,90939392,103497728,,False,267686,55054,168,48ee0420b850df20b001374afbe4ab4274165f33f0c723cc000908ce8b0c6cd5,84,9996edf63e9cfb418f1151eab4e63be94cdaf4e0219449404bba13dff892fdfe,"3.12.6 (tags/v3.12.6:a4a2d2b, Sep  6 2024, 20:11:23) [MSC v.1940 64 bit (AMD64)]",2.2.3,2.5.3,optimized-full-3-4,optimized,False
full,1008,7.8451268000062555,7.671875,0.5901809998322278,0.01218200009316206,0.342473299941048,0.3427791001740843,0.013199999928474426,125280256,92102656,127508480,,False,3069240,657502,2016,dffd6b1fe5d397516df0345921634be16d1b8447d87737072d00170a7420b8c7,1008,4e6c6ca8c5dcc17a427a8df5b310070b85d2e26b5d75c2ce4a7172c5bde42a2e,"3.12.6 (tags/v3.12.6:a4a2d2b, Sep  6 2024, 20:11:23) [MSC v.1940 64 bit (AMD64)]",2.2.3,2.5.3,optimized-full-36-0,optimized,False
full,1008,6.485302099958062,6.46875,0.5658386000432074,0.012538600014522672,0.3145294999703765,0.25922759994864464,0.009617799893021584,125435904,91688960,126566400,,False,3069240,657502,2016,dffd6b1fe5d397516df0345921634be16d1b8447d87737072d00170a7420b8c7,1008,4e6c6ca8c5dcc17a427a8df5b310070b85d2e26b5d75c2ce4a7172c5bde42a2e,"3.12.6 (tags/v3.12.6:a4a2d2b, Sep  6 2024, 20:11:23) [MSC v.1940 64 bit (AMD64)]",2.2.3,2.5.3,optimized-full-36-1,optimized,False
full,1008,6.549035899806768,6.5,0.5764458000194281,0.011948599945753813,0.3141679000109434,0.27453879988752306,0.010628199903294444,125677568,92119040,127266816,,False,3069240,657502,2016,dffd6b1fe5d397516df0345921634be16d1b8447d87737072d00170a7420b8c7,1008,4e6c6ca8c5dcc17a427a8df5b310070b85d2e26b5d75c2ce4a7172c5bde42a2e,"3.12.6 (tags/v3.12.6:a4a2d2b, Sep  6 2024, 20:11:23) [MSC v.1940 64 bit (AMD64)]",2.2.3,2.5.3,optimized-full-36-2,optimized,False
full,1008,6.500417300034314,6.484375,0.559834900079295,0.012468700064346194,0.31925410008989275,0.2750242999754846,0.010077100014314055,125632512,92114944,127340544,,False,3069240,657502,2016,dffd6b1fe5d397516df0345921634be16d1b8447d87737072d00170a7420b8c7,1008,4e6c6ca8c5dcc17a427a8df5b310070b85d2e26b5d75c2ce4a7172c5bde42a2e,"3.12.6 (tags/v3.12.6:a4a2d2b, Sep  6 2024, 20:11:23) [MSC v.1940 64 bit (AMD64)]",2.2.3,2.5.3,optimized-full-36-3,optimized,False
full,1008,6.61717090010643,6.578125,0.5780643001198769,0.011966999853029847,0.28913849988020957,0.26310000009834766,0.009259500075131655,125427712,91721728,126480384,,False,3069240,657502,2016,dffd6b1fe5d397516df0345921634be16d1b8447d87737072d00170a7420b8c7,1008,4e6c6ca8c5dcc17a427a8df5b310070b85d2e26b5d75c2ce4a7172c5bde42a2e,"3.12.6 (tags/v3.12.6:a4a2d2b, Sep  6 2024, 20:11:23) [MSC v.1940 64 bit (AMD64)]",2.2.3,2.5.3,optimized-full-36-4,optimized,False
full,17024,128.32995260017924,127.921875,0.576236299937591,0.05304450006224215,4.028927099891007,4.155066099949181,0.14119800017215312,581361664,101523456,581361664,,False,51788779,11099934,34048,cfbb0a501d4e4b39e00de95fb47d346fc1c2ef91c603d3106bad8936dacf14af,17024,5d70355c06b142718a871917e98544b3b2762c39711efff04cba6c44f09ba57f,"3.12.6 (tags/v3.12.6:a4a2d2b, Sep  6 2024, 20:11:23) [MSC v.1940 64 bit (AMD64)]",2.2.3,2.5.3,optimized-full-608-0,optimized,False
summary,5040,37.32307690009475,36.984375,0.5418295999988914,0.021421500016003847,0.3798405001871288,1.1038858001120389,0.018642300041392446,242851840,93523968,242851840,,False,6135437,3286516,0,aa88b7b4b21ca00030b1bf0f611f376182e1a0d9edc03404f4f92b9c4a4343b6,0,44f229a555af0a2eab685b27c1144ba75ac6715e647ea9dc5bbe0fee0ead2099,"3.12.6 (tags/v3.12.6:a4a2d2b, Sep  6 2024, 20:11:23) [MSC v.1940 64 bit (AMD64)]",2.2.3,2.5.3,optimized-summary-180-0,optimized,False
summary,84,0.836614100029692,0.65625,0.5715842000208795,0.008905299939215183,0.08937350008636713,0.07389779994264245,0.003139300039038062,95514624,91299840,102719488,,False,121173,55204,0,5c21c00612655caf14267fb9bd7352d91fa35eca73402361dd898e24adaf4d50,0,9996edf63e9cfb418f1151eab4e63be94cdaf4e0219449404bba13dff892fdfe,"3.12.6 (tags/v3.12.6:a4a2d2b, Sep  6 2024, 20:11:23) [MSC v.1940 64 bit (AMD64)]",2.2.3,2.5.3,optimized-summary-3--1,optimized,True
summary,84,2.072437899885699,2.0625,0.5456749000586569,0.008995299926027656,0.06582329981029034,0.06873549986630678,0.0029909000732004642,99868672,90554368,105910272,3241437,True,121173,55204,0,5c21c00612655caf14267fb9bd7352d91fa35eca73402361dd898e24adaf4d50,0,9996edf63e9cfb418f1151eab4e63be94cdaf4e0219449404bba13dff892fdfe,"3.12.6 (tags/v3.12.6:a4a2d2b, Sep  6 2024, 20:11:23) [MSC v.1940 64 bit (AMD64)]",2.2.3,2.5.3,optimized-summary-3-0-trace,optimized,False
summary,84,0.677261000033468,0.6875,0.5653429999947548,0.009554699994623661,0.0669678000267595,0.07026290008798242,0.002983700018376112,95604736,91078656,103100416,,False,121173,55204,0,5c21c00612655caf14267fb9bd7352d91fa35eca73402361dd898e24adaf4d50,0,9996edf63e9cfb418f1151eab4e63be94cdaf4e0219449404bba13dff892fdfe,"3.12.6 (tags/v3.12.6:a4a2d2b, Sep  6 2024, 20:11:23) [MSC v.1940 64 bit (AMD64)]",2.2.3,2.5.3,optimized-summary-3-0,optimized,False
summary,84,0.6716066000517458,0.671875,0.5859831001143903,0.008969900198280811,0.08132370002567768,0.07244280003942549,0.0027175999712198973,95735808,91222016,102719488,,False,121173,55204,0,5c21c00612655caf14267fb9bd7352d91fa35eca73402361dd898e24adaf4d50,0,9996edf63e9cfb418f1151eab4e63be94cdaf4e0219449404bba13dff892fdfe,"3.12.6 (tags/v3.12.6:a4a2d2b, Sep  6 2024, 20:11:23) [MSC v.1940 64 bit (AMD64)]",2.2.3,2.5.3,optimized-summary-3-1,optimized,False
summary,84,0.656969300005585,0.640625,0.5552580999210477,0.009414399974048138,0.06787679996341467,0.06912769982591271,0.002911199815571308,95797248,90996736,103288832,,False,121173,55204,0,5c21c00612655caf14267fb9bd7352d91fa35eca73402361dd898e24adaf4d50,0,9996edf63e9cfb418f1151eab4e63be94cdaf4e0219449404bba13dff892fdfe,"3.12.6 (tags/v3.12.6:a4a2d2b, Sep  6 2024, 20:11:23) [MSC v.1940 64 bit (AMD64)]",2.2.3,2.5.3,optimized-summary-3-2,optimized,False
summary,84,0.6623267999384552,0.65625,0.5771850999444723,0.011031199945136905,0.06615139986388385,0.06886889995075762,0.0029497998766601086,95817728,91029504,103178240,,False,121173,55204,0,5c21c00612655caf14267fb9bd7352d91fa35eca73402361dd898e24adaf4d50,0,9996edf63e9cfb418f1151eab4e63be94cdaf4e0219449404bba13dff892fdfe,"3.12.6 (tags/v3.12.6:a4a2d2b, Sep  6 2024, 20:11:23) [MSC v.1940 64 bit (AMD64)]",2.2.3,2.5.3,optimized-summary-3-3,optimized,False
summary,84,0.6640312999952585,0.65625,0.5490643999073654,0.009347799932584167,0.08275299984961748,0.0714144001249224,0.0035642001312226057,95809536,91033600,103645184,,False,121173,55204,0,5c21c00612655caf14267fb9bd7352d91fa35eca73402361dd898e24adaf4d50,0,9996edf63e9cfb418f1151eab4e63be94cdaf4e0219449404bba13dff892fdfe,"3.12.6 (tags/v3.12.6:a4a2d2b, Sep  6 2024, 20:11:23) [MSC v.1940 64 bit (AMD64)]",2.2.3,2.5.3,optimized-summary-3-4,optimized,False
summary,1008,7.40212590014562,7.390625,0.5707203999627382,0.01234899996779859,0.16954639996401966,0.3728505000472069,0.00827459990978241,124420096,91410432,124420096,,False,1242360,657652,0,304aaf5bca226955384c2c11d8acb8d2a15be0a5b04ad4a2346a16e4a9861cad,0,4e6c6ca8c5dcc17a427a8df5b310070b85d2e26b5d75c2ce4a7172c5bde42a2e,"3.12.6 (tags/v3.12.6:a4a2d2b, Sep  6 2024, 20:11:23) [MSC v.1940 64 bit (AMD64)]",2.2.3,2.5.3,optimized-summary-36-0,optimized,False
summary,1008,6.663804499898106,6.65625,0.6482478999532759,0.011705799959599972,0.12485440005548298,0.25267720012925565,0.006622199900448322,124768256,91623424,124768256,,False,1242360,657652,0,304aaf5bca226955384c2c11d8acb8d2a15be0a5b04ad4a2346a16e4a9861cad,0,4e6c6ca8c5dcc17a427a8df5b310070b85d2e26b5d75c2ce4a7172c5bde42a2e,"3.12.6 (tags/v3.12.6:a4a2d2b, Sep  6 2024, 20:11:23) [MSC v.1940 64 bit (AMD64)]",2.2.3,2.5.3,optimized-summary-36-1,optimized,False
summary,1008,6.5586222999263555,6.546875,0.5797121000941843,0.012357299914583564,0.12089399993419647,0.26130939996801317,0.006503300042822957,124424192,91394048,124424192,,False,1242360,657652,0,304aaf5bca226955384c2c11d8acb8d2a15be0a5b04ad4a2346a16e4a9861cad,0,4e6c6ca8c5dcc17a427a8df5b310070b85d2e26b5d75c2ce4a7172c5bde42a2e,"3.12.6 (tags/v3.12.6:a4a2d2b, Sep  6 2024, 20:11:23) [MSC v.1940 64 bit (AMD64)]",2.2.3,2.5.3,optimized-summary-36-2,optimized,False
summary,1008,6.600923900026828,6.5625,0.621666100108996,0.011881900019943714,0.13106509996578097,0.25460290000773966,0.005762399872764945,124391424,91430912,124391424,,False,1242360,657652,0,304aaf5bca226955384c2c11d8acb8d2a15be0a5b04ad4a2346a16e4a9861cad,0,4e6c6ca8c5dcc17a427a8df5b310070b85d2e26b5d75c2ce4a7172c5bde42a2e,"3.12.6 (tags/v3.12.6:a4a2d2b, Sep  6 2024, 20:11:23) [MSC v.1940 64 bit (AMD64)]",2.2.3,2.5.3,optimized-summary-36-3,optimized,False
summary,1008,6.606261000037193,6.609375,0.5550283000338823,0.011520699830725789,0.12064009997993708,0.2519402999896556,0.006068299990147352,124456960,91418624,124456960,,False,1242360,657652,0,304aaf5bca226955384c2c11d8acb8d2a15be0a5b04ad4a2346a16e4a9861cad,0,4e6c6ca8c5dcc17a427a8df5b310070b85d2e26b5d75c2ce4a7172c5bde42a2e,"3.12.6 (tags/v3.12.6:a4a2d2b, Sep  6 2024, 20:11:23) [MSC v.1940 64 bit (AMD64)]",2.2.3,2.5.3,optimized-summary-36-4,optimized,False
summary,17024,124.28510849992745,124.0,0.5434063000138849,0.051908900029957294,1.1800257000140846,3.7649813999887556,0.060336200054734945,573845504,100691968,573845504,,False,20681632,11100084,0,a8590b0f3617a969afebc4f60f2ca2665e007c8a632a4670a8a543152f154832,0,5d70355c06b142718a871917e98544b3b2762c39711efff04cba6c44f09ba57f,"3.12.6 (tags/v3.12.6:a4a2d2b, Sep  6 2024, 20:11:23) [MSC v.1940 64 bit (AMD64)]",2.2.3,2.5.3,optimized-summary-608-0,optimized,False
