index,backend,mode,groups,repeat,baseline,candidates,wall,cpu,report_html,csv_seconds,serialization,peak_rss_call,peak_rss_report,report_html_bytes,csv_bytes,serialized_bytes,input_sha256,report_html_sha256,csv_sha256,python,pandas,numpy
0,reference,full,1,-1,,28,0.24444929999299347,0.234375,0.051965099992230535,0.007586699910461903,0.0032601000275462866,93483008,106057728,572780,386185,93768,9df96b944e70bff01cdca0aee4dee3a5bab340dfa62226ecee5c8a117c73bc9b,05041c4fa8b24be0b3729be1473817939d7477d2269bcc7590bc884b8ec56808,996c9924b5b403f210579a392b7dbd098caec45c14329938c9cb163225320a6c,"3.12.6 (tags/v3.12.6:a4a2d2b, Sep  6 2024, 20:11:23) [MSC v.1940 64 bit (AMD64)]",2.2.3,2.5.3
1,reference,summary,1,-1,,28,0.3544630999676883,0.3125,0.043636800022795796,0.0045692999847233295,0.0032499998342245817,94560256,102699008,222232,123427,49972,9df96b944e70bff01cdca0aee4dee3a5bab340dfa62226ecee5c8a117c73bc9b,b432c5278ef256dfb0c4dc0d05edc5a4956ab5b7b74027056f5cc05015624cf9,0efcbfb7b8685e95a3e09046e98c1889610fd7aa485f14a5c4aa63926e302c49,"3.12.6 (tags/v3.12.6:a4a2d2b, Sep  6 2024, 20:11:23) [MSC v.1940 64 bit (AMD64)]",2.2.3,2.5.3
2,auto,full,1,-1,,28,0.06566229998134077,0.0625,0.049077200004830956,0.007707400014624,0.0029026998672634363,92655616,105492480,572780,386185,94771,9df96b944e70bff01cdca0aee4dee3a5bab340dfa62226ecee5c8a117c73bc9b,05041c4fa8b24be0b3729be1473817939d7477d2269bcc7590bc884b8ec56808,996c9924b5b403f210579a392b7dbd098caec45c14329938c9cb163225320a6c,"3.12.6 (tags/v3.12.6:a4a2d2b, Sep  6 2024, 20:11:23) [MSC v.1940 64 bit (AMD64)]",2.2.3,2.5.3
3,auto,summary,1,-1,,28,0.3532586998771876,0.328125,0.04836390004493296,0.004695800133049488,0.003193599870428443,94416896,102637568,222232,123427,49972,9df96b944e70bff01cdca0aee4dee3a5bab340dfa62226ecee5c8a117c73bc9b,b432c5278ef256dfb0c4dc0d05edc5a4956ab5b7b74027056f5cc05015624cf9,0efcbfb7b8685e95a3e09046e98c1889610fd7aa485f14a5c4aa63926e302c49,"3.12.6 (tags/v3.12.6:a4a2d2b, Sep  6 2024, 20:11:23) [MSC v.1940 64 bit (AMD64)]",2.2.3,2.5.3
4,auto,full,18,1,,504,0.5215557999908924,0.515625,0.2960446998476982,0.10881470004096627,0.005911799846217036,105529344,178921472,9366074,6747794,1546759,2e7ede03c3c72190b0c885a793bfa0a2be82f103e9868c98109819e1258a5ce1,1bdac1f6fba43e34916360cc68583f0605f4dfd93dc973d0c8a9f530ce8c74c5,63693833d5e33574502f2763880bf309709a58b39834295879470503bdbf9591,"3.12.6 (tags/v3.12.6:a4a2d2b, Sep  6 2024, 20:11:23) [MSC v.1940 64 bit (AMD64)]",2.2.3,2.5.3
5,reference,full,72,0,,2016,13.486707400064915,13.359375,1.0862941001541913,0.4411792999599129,0.01798110012896359,153952256,421916672,37363672,27004460,6127803,adc669751b1265b80feeadf5d06dcc4e3e0867e8a50b0b0b81bfe749a8661a46,5fc17d6324abab8020cd6e5fea3ad1cd1c1bc93e21ac918f2f38a286adcbed70,a788cfe4e3518c4cca97c03dbbda472274622520f29ca8f2101f942f9528e572,"3.12.6 (tags/v3.12.6:a4a2d2b, Sep  6 2024, 20:11:23) [MSC v.1940 64 bit (AMD64)]",2.2.3,2.5.3
6,auto,full,18,2,,504,0.5293123999144882,0.53125,0.3000290000345558,0.1337341999169439,0.0057981000281870365,105529344,178937856,9366074,6747794,1546759,2e7ede03c3c72190b0c885a793bfa0a2be82f103e9868c98109819e1258a5ce1,1bdac1f6fba43e34916360cc68583f0605f4dfd93dc973d0c8a9f530ce8c74c5,63693833d5e33574502f2763880bf309709a58b39834295879470503bdbf9591,"3.12.6 (tags/v3.12.6:a4a2d2b, Sep  6 2024, 20:11:23) [MSC v.1940 64 bit (AMD64)]",2.2.3,2.5.3
7,auto,summary,72,1,,2016,13.758238399866968,13.65625,0.6815714999102056,0.2170975999906659,0.00912240007892251,153894912,215834624,10245234,6665792,2465527,adc669751b1265b80feeadf5d06dcc4e3e0867e8a50b0b0b81bfe749a8661a46,b3509bb639c4d14d4a749d774bd54557a3d5e64d1d0262a0e67885932c7569b8,159579ec0d45dc66c577b02256743494e9e9d8d26d45e25ea992a147c8f0abac,"3.12.6 (tags/v3.12.6:a4a2d2b, Sep  6 2024, 20:11:23) [MSC v.1940 64 bit (AMD64)]",2.2.3,2.5.3
8,auto,full,72,2,,2016,2.001470800023526,2.0,1.242221900029108,0.4509336999617517,0.015050100162625313,137891840,415588352,37363672,27004460,6154272,adc669751b1265b80feeadf5d06dcc4e3e0867e8a50b0b0b81bfe749a8661a46,5fc17d6324abab8020cd6e5fea3ad1cd1c1bc93e21ac918f2f38a286adcbed70,a788cfe4e3518c4cca97c03dbbda472274622520f29ca8f2101f942f9528e572,"3.12.6 (tags/v3.12.6:a4a2d2b, Sep  6 2024, 20:11:23) [MSC v.1940 64 bit (AMD64)]",2.2.3,2.5.3
9,auto,full,72,1,,2016,1.9344727001152933,1.90625,1.108280299929902,0.4381878999993205,0.014853099826723337,137895936,413151232,37363672,27004460,6154272,adc669751b1265b80feeadf5d06dcc4e3e0867e8a50b0b0b81bfe749a8661a46,5fc17d6324abab8020cd6e5fea3ad1cd1c1bc93e21ac918f2f38a286adcbed70,a788cfe4e3518c4cca97c03dbbda472274622520f29ca8f2101f942f9528e572,"3.12.6 (tags/v3.12.6:a4a2d2b, Sep  6 2024, 20:11:23) [MSC v.1940 64 bit (AMD64)]",2.2.3,2.5.3
10,reference,summary,72,1,,2016,14.067676300182939,14.0,0.7076888999436051,0.22250230005010962,0.008847200078889728,154710016,215531520,10245234,6665792,2465527,adc669751b1265b80feeadf5d06dcc4e3e0867e8a50b0b0b81bfe749a8661a46,b3509bb639c4d14d4a749d774bd54557a3d5e64d1d0262a0e67885932c7569b8,159579ec0d45dc66c577b02256743494e9e9d8d26d45e25ea992a147c8f0abac,"3.12.6 (tags/v3.12.6:a4a2d2b, Sep  6 2024, 20:11:23) [MSC v.1940 64 bit (AMD64)]",2.2.3,2.5.3
11,auto,summary,18,2,,504,3.8890421001706272,3.796875,0.22311700019054115,0.05972159979864955,0.004237300017848611,108879872,128565248,2617846,1686784,630821,2e7ede03c3c72190b0c885a793bfa0a2be82f103e9868c98109819e1258a5ce1,66ef6dbc787e3d51e503b4ec97e9b668e6b737d0aef2a809096774e7207b7793,b45c5601aa7b2de2ebece8e2d8c63d69c6e1dc6ac8ea71dd0b39cb222ca21ea9,"3.12.6 (tags/v3.12.6:a4a2d2b, Sep  6 2024, 20:11:23) [MSC v.1940 64 bit (AMD64)]",2.2.3,2.5.3
12,auto,summary,72,2,,2016,13.779756200034171,13.71875,0.6905670999549329,0.22935779998078942,0.009088499937206507,153907200,215810048,10245234,6665792,2465527,adc669751b1265b80feeadf5d06dcc4e3e0867e8a50b0b0b81bfe749a8661a46,b3509bb639c4d14d4a749d774bd54557a3d5e64d1d0262a0e67885932c7569b8,159579ec0d45dc66c577b02256743494e9e9d8d26d45e25ea992a147c8f0abac,"3.12.6 (tags/v3.12.6:a4a2d2b, Sep  6 2024, 20:11:23) [MSC v.1940 64 bit (AMD64)]",2.2.3,2.5.3
13,reference,full,72,1,,2016,15.632529499940574,15.546875,1.0816093999892473,0.45026230020448565,0.017286600079387426,153903104,421912576,37363672,27004460,6127803,adc669751b1265b80feeadf5d06dcc4e3e0867e8a50b0b0b81bfe749a8661a46,5fc17d6324abab8020cd6e5fea3ad1cd1c1bc93e21ac918f2f38a286adcbed70,a788cfe4e3518c4cca97c03dbbda472274622520f29ca8f2101f942f9528e572,"3.12.6 (tags/v3.12.6:a4a2d2b, Sep  6 2024, 20:11:23) [MSC v.1940 64 bit (AMD64)]",2.2.3,2.5.3
14,reference,summary,72,0,,2016,13.755780200008303,13.625,0.6996042998507619,0.22228059987537563,0.008562800008803606,155082752,217591808,10245234,6665792,2465527,adc669751b1265b80feeadf5d06dcc4e3e0867e8a50b0b0b81bfe749a8661a46,b3509bb639c4d14d4a749d774bd54557a3d5e64d1d0262a0e67885932c7569b8,159579ec0d45dc66c577b02256743494e9e9d8d26d45e25ea992a147c8f0abac,"3.12.6 (tags/v3.12.6:a4a2d2b, Sep  6 2024, 20:11:23) [MSC v.1940 64 bit (AMD64)]",2.2.3,2.5.3
15,auto,full,72,0,,2016,2.0374095998704433,2.03125,1.0791097998153418,0.45753029990009964,0.015001799911260605,137814016,415723520,37363672,27004460,6154272,adc669751b1265b80feeadf5d06dcc4e3e0867e8a50b0b0b81bfe749a8661a46,5fc17d6324abab8020cd6e5fea3ad1cd1c1bc93e21ac918f2f38a286adcbed70,a788cfe4e3518c4cca97c03dbbda472274622520f29ca8f2101f942f9528e572,"3.12.6 (tags/v3.12.6:a4a2d2b, Sep  6 2024, 20:11:23) [MSC v.1940 64 bit (AMD64)]",2.2.3,2.5.3
16,reference,summary,18,1,,504,3.7347276001237333,3.65625,0.19555140007287264,0.05419809999875724,0.003481299849227071,108658688,130240512,2617846,1686784,630821,2e7ede03c3c72190b0c885a793bfa0a2be82f103e9868c98109819e1258a5ce1,66ef6dbc787e3d51e503b4ec97e9b668e6b737d0aef2a809096774e7207b7793,b45c5601aa7b2de2ebece8e2d8c63d69c6e1dc6ac8ea71dd0b39cb222ca21ea9,"3.12.6 (tags/v3.12.6:a4a2d2b, Sep  6 2024, 20:11:23) [MSC v.1940 64 bit (AMD64)]",2.2.3,2.5.3
17,reference,full,18,1,,504,3.5943108999636024,3.53125,0.3150041000917554,0.1099388999864459,0.006087400019168854,109862912,182943744,9366074,6747794,1539955,2e7ede03c3c72190b0c885a793bfa0a2be82f103e9868c98109819e1258a5ce1,1bdac1f6fba43e34916360cc68583f0605f4dfd93dc973d0c8a9f530ce8c74c5,63693833d5e33574502f2763880bf309709a58b39834295879470503bdbf9591,"3.12.6 (tags/v3.12.6:a4a2d2b, Sep  6 2024, 20:11:23) [MSC v.1940 64 bit (AMD64)]",2.2.3,2.5.3
18,auto,full,18,0,,504,0.5227045000065118,0.53125,0.33952239993959665,0.12164350016973913,0.006071999901905656,105549824,178348032,9366074,6747794,1546759,2e7ede03c3c72190b0c885a793bfa0a2be82f103e9868c98109819e1258a5ce1,1bdac1f6fba43e34916360cc68583f0605f4dfd93dc973d0c8a9f530ce8c74c5,63693833d5e33574502f2763880bf309709a58b39834295879470503bdbf9591,"3.12.6 (tags/v3.12.6:a4a2d2b, Sep  6 2024, 20:11:23) [MSC v.1940 64 bit (AMD64)]",2.2.3,2.5.3
19,auto,summary,18,1,,504,3.747107099974528,3.6875,0.20562119991518557,0.062414499931037426,0.004158600000664592,108867584,129544192,2617846,1686784,630821,2e7ede03c3c72190b0c885a793bfa0a2be82f103e9868c98109819e1258a5ce1,66ef6dbc787e3d51e503b4ec97e9b668e6b737d0aef2a809096774e7207b7793,b45c5601aa7b2de2ebece8e2d8c63d69c6e1dc6ac8ea71dd0b39cb222ca21ea9,"3.12.6 (tags/v3.12.6:a4a2d2b, Sep  6 2024, 20:11:23) [MSC v.1940 64 bit (AMD64)]",2.2.3,2.5.3
20,reference,full,18,0,,504,3.5483041999395937,3.53125,0.29203200014308095,0.1113803000189364,0.005744999973103404,109850624,183021568,9366074,6747794,1539955,2e7ede03c3c72190b0c885a793bfa0a2be82f103e9868c98109819e1258a5ce1,1bdac1f6fba43e34916360cc68583f0605f4dfd93dc973d0c8a9f530ce8c74c5,63693833d5e33574502f2763880bf309709a58b39834295879470503bdbf9591,"3.12.6 (tags/v3.12.6:a4a2d2b, Sep  6 2024, 20:11:23) [MSC v.1940 64 bit (AMD64)]",2.2.3,2.5.3
21,reference,summary,18,0,,504,3.600332000060007,3.5625,0.1909235999919474,0.054615499917417765,0.003873900044709444,108785664,129216512,2617846,1686784,630821,2e7ede03c3c72190b0c885a793bfa0a2be82f103e9868c98109819e1258a5ce1,66ef6dbc787e3d51e503b4ec97e9b668e6b737d0aef2a809096774e7207b7793,b45c5601aa7b2de2ebece8e2d8c63d69c6e1dc6ac8ea71dd0b39cb222ca21ea9,"3.12.6 (tags/v3.12.6:a4a2d2b, Sep  6 2024, 20:11:23) [MSC v.1940 64 bit (AMD64)]",2.2.3,2.5.3
22,reference,full,72,2,,2016,13.591917999787256,13.515625,1.0651650000363588,0.441280199913308,0.017686899984255433,154365952,423415808,37363672,27004460,6127803,adc669751b1265b80feeadf5d06dcc4e3e0867e8a50b0b0b81bfe749a8661a46,5fc17d6324abab8020cd6e5fea3ad1cd1c1bc93e21ac918f2f38a286adcbed70,a788cfe4e3518c4cca97c03dbbda472274622520f29ca8f2101f942f9528e572,"3.12.6 (tags/v3.12.6:a4a2d2b, Sep  6 2024, 20:11:23) [MSC v.1940 64 bit (AMD64)]",2.2.3,2.5.3
23,reference,summary,72,2,,2016,13.641210800036788,13.59375,0.7082595000974834,0.22750689997337759,0.009145800024271011,155631616,216162304,10245234,6665792,2465527,adc669751b1265b80feeadf5d06dcc4e3e0867e8a50b0b0b81bfe749a8661a46,b3509bb639c4d14d4a749d774bd54557a3d5e64d1d0262a0e67885932c7569b8,159579ec0d45dc66c577b02256743494e9e9d8d26d45e25ea992a147c8f0abac,"3.12.6 (tags/v3.12.6:a4a2d2b, Sep  6 2024, 20:11:23) [MSC v.1940 64 bit (AMD64)]",2.2.3,2.5.3
24,auto,summary,72,0,,2016,13.904898599954322,13.703125,0.6826091001275927,0.21730380016379058,0.00842620013281703,154951680,217051136,10245234,6665792,2465527,adc669751b1265b80feeadf5d06dcc4e3e0867e8a50b0b0b81bfe749a8661a46,b3509bb639c4d14d4a749d774bd54557a3d5e64d1d0262a0e67885932c7569b8,159579ec0d45dc66c577b02256743494e9e9d8d26d45e25ea992a147c8f0abac,"3.12.6 (tags/v3.12.6:a4a2d2b, Sep  6 2024, 20:11:23) [MSC v.1940 64 bit (AMD64)]",2.2.3,2.5.3
25,auto,summary,18,0,,504,3.5487944001797587,3.5,0.20676460000686347,0.05643949983641505,0.004273299826309085,108859392,128700416,2617846,1686784,630821,2e7ede03c3c72190b0c885a793bfa0a2be82f103e9868c98109819e1258a5ce1,66ef6dbc787e3d51e503b4ec97e9b668e6b737d0aef2a809096774e7207b7793,b45c5601aa7b2de2ebece8e2d8c63d69c6e1dc6ac8ea71dd0b39cb222ca21ea9,"3.12.6 (tags/v3.12.6:a4a2d2b, Sep  6 2024, 20:11:23) [MSC v.1940 64 bit (AMD64)]",2.2.3,2.5.3
26,reference,full,18,2,,504,3.505060900002718,3.484375,0.29278440005145967,0.11168850003741682,0.00580909987911582,109846528,182083584,9366074,6747794,1539955,2e7ede03c3c72190b0c885a793bfa0a2be82f103e9868c98109819e1258a5ce1,1bdac1f6fba43e34916360cc68583f0605f4dfd93dc973d0c8a9f530ce8c74c5,63693833d5e33574502f2763880bf309709a58b39834295879470503bdbf9591,"3.12.6 (tags/v3.12.6:a4a2d2b, Sep  6 2024, 20:11:23) [MSC v.1940 64 bit (AMD64)]",2.2.3,2.5.3
27,reference,summary,18,2,,504,3.5410774000920355,3.5,0.1964638999197632,0.055451400112360716,0.004256899934262037,108965888,129679360,2617846,1686784,630821,2e7ede03c3c72190b0c885a793bfa0a2be82f103e9868c98109819e1258a5ce1,66ef6dbc787e3d51e503b4ec97e9b668e6b737d0aef2a809096774e7207b7793,b45c5601aa7b2de2ebece8e2d8c63d69c6e1dc6ac8ea71dd0b39cb222ca21ea9,"3.12.6 (tags/v3.12.6:a4a2d2b, Sep  6 2024, 20:11:23) [MSC v.1940 64 bit (AMD64)]",2.2.3,2.5.3
28,auto,full,18,0,True,504,3.3331093001179397,3.34375,0.37863710010424256,0.10822310019284487,0.005631499923765659,111144960,184852480,9366074,6747794,1539955,2e7ede03c3c72190b0c885a793bfa0a2be82f103e9868c98109819e1258a5ce1,1bdac1f6fba43e34916360cc68583f0605f4dfd93dc973d0c8a9f530ce8c74c5,63693833d5e33574502f2763880bf309709a58b39834295879470503bdbf9591,"3.12.6 (tags/v3.12.6:a4a2d2b, Sep  6 2024, 20:11:23) [MSC v.1940 64 bit (AMD64)]",2.2.3,2.5.3
29,auto,summary,18,0,True,504,3.5133818998001516,3.296875,0.2230114999692887,0.05588210001587868,0.003900200128555298,109678592,131043328,2617686,1686664,630779,2e7ede03c3c72190b0c885a793bfa0a2be82f103e9868c98109819e1258a5ce1,d2b4afeacf832fdebc2c2a27ce1593bbddfe14a7b6c07a4247dc453d365141e4,291cb06212c1ab5f75a82abb4405ed11402f53fea1f8d03b25a73335f042fcbd,"3.12.6 (tags/v3.12.6:a4a2d2b, Sep  6 2024, 20:11:23) [MSC v.1940 64 bit (AMD64)]",2.2.3,2.5.3
