mode,candidates,wall,cpu,imports,generation,verification,report_html,serialization,peak_rss_call,peak_rss_pre_call,peak_rss_report,traced_allocation_peak,trace,serialized_bytes,report_html_bytes,audit_rows,candidate_rows,input_sha256,python,pandas,numpy,sample,arm,warmup
full,84,1.6021143000107259,1.609375,0.7971825001295656,0.011145199881866574,0.14535209978930652,0.2241197000257671,0.004594100173562765,100855808,90652672,107290624,,False,267686,55054,168,84,9996edf63e9cfb418f1151eab4e63be94cdaf4e0219449404bba13dff892fdfe,"3.12.6 (tags/v3.12.6:a4a2d2b, Sep  6 2024, 20:11:23) [MSC v.1940 64 bit (AMD64)]",2.2.3,2.5.3,e7-3--1,e7,True
full,84,5.639613499864936,5.609375,0.5609418000094593,0.01044499990530312,0.11920219985768199,0.24228899995796382,0.0034445999190211296,112959488,90497024,112959488,8791446,True,267686,55054,168,84,9996edf63e9cfb418f1151eab4e63be94cdaf4e0219449404bba13dff892fdfe,"3.12.6 (tags/v3.12.6:a4a2d2b, Sep  6 2024, 20:11:23) [MSC v.1940 64 bit (AMD64)]",2.2.3,2.5.3,e7-3-0-trace,e7,False
full,84,1.6068530001211911,1.609375,0.5842140999156982,0.01751559996046126,0.11448609991930425,0.2152747001964599,0.004387399880215526,100855808,90656768,107286528,,False,267686,55054,168,84,9996edf63e9cfb418f1151eab4e63be94cdaf4e0219449404bba13dff892fdfe,"3.12.6 (tags/v3.12.6:a4a2d2b, Sep  6 2024, 20:11:23) [MSC v.1940 64 bit (AMD64)]",2.2.3,2.5.3,e7-3-0,e7,False
full,84,1.6071880999952555,1.609375,0.5722346000839025,0.010998799931257963,0.1150160999968648,0.21855310001410544,0.003915300127118826,101126144,90591232,107696128,,False,267686,55054,168,84,9996edf63e9cfb418f1151eab4e63be94cdaf4e0219449404bba13dff892fdfe,"3.12.6 (tags/v3.12.6:a4a2d2b, Sep  6 2024, 20:11:23) [MSC v.1940 64 bit (AMD64)]",2.2.3,2.5.3,e7-3-1,e7,False
full,84,1.5690319000277668,1.546875,0.5559324999339879,0.010296400170773268,0.11980980006046593,0.21790160005912185,0.0033130000811070204,100843520,90648576,107257856,,False,267686,55054,168,84,9996edf63e9cfb418f1151eab4e63be94cdaf4e0219449404bba13dff892fdfe,"3.12.6 (tags/v3.12.6:a4a2d2b, Sep  6 2024, 20:11:23) [MSC v.1940 64 bit (AMD64)]",2.2.3,2.5.3,e7-3-2,e7,False
full,84,1.5907463999465108,1.578125,0.5566118999850005,0.010754500050097704,0.11590370000340044,0.21183850010856986,0.003541999962180853,101134336,90583040,107458560,,False,267686,55054,168,84,9996edf63e9cfb418f1151eab4e63be94cdaf4e0219449404bba13dff892fdfe,"3.12.6 (tags/v3.12.6:a4a2d2b, Sep  6 2024, 20:11:23) [MSC v.1940 64 bit (AMD64)]",2.2.3,2.5.3,e7-3-3,e7,False
full,84,1.5741938001010567,1.546875,0.5704137999564409,0.010269800201058388,0.10431140009313822,0.21551410015672445,0.0033599999733269215,101130240,90583040,107532288,,False,267686,55054,168,84,9996edf63e9cfb418f1151eab4e63be94cdaf4e0219449404bba13dff892fdfe,"3.12.6 (tags/v3.12.6:a4a2d2b, Sep  6 2024, 20:11:23) [MSC v.1940 64 bit (AMD64)]",2.2.3,2.5.3,e7-3-4,e7,False
full,1008,23.666391300037503,23.203125,0.5750510001089424,0.013665799982845783,0.40245839999988675,2.273776700021699,0.010146700078621507,194052096,90959872,194052096,,False,3069240,657502,2016,1008,4e6c6ca8c5dcc17a427a8df5b310070b85d2e26b5d75c2ce4a7172c5bde42a2e,"3.12.6 (tags/v3.12.6:a4a2d2b, Sep  6 2024, 20:11:23) [MSC v.1940 64 bit (AMD64)]",2.2.3,2.5.3,e7-36-0,e7,False
full,1008,25.39753820002079,25.03125,0.5478684001136571,0.012417499907314777,0.420349600026384,3.1166207001078874,0.012282100040465593,194174976,90882048,194174976,,False,3069240,657502,2016,1008,4e6c6ca8c5dcc17a427a8df5b310070b85d2e26b5d75c2ce4a7172c5bde42a2e,"3.12.6 (tags/v3.12.6:a4a2d2b, Sep  6 2024, 20:11:23) [MSC v.1940 64 bit (AMD64)]",2.2.3,2.5.3,e7-36-1,e7,False
full,1008,21.031393900047988,20.9375,0.5610277000814676,0.025278900051489472,0.30348440003581345,1.969746100017801,0.00969829992391169,194174976,90877952,194260992,,False,3069240,657502,2016,1008,4e6c6ca8c5dcc17a427a8df5b310070b85d2e26b5d75c2ce4a7172c5bde42a2e,"3.12.6 (tags/v3.12.6:a4a2d2b, Sep  6 2024, 20:11:23) [MSC v.1940 64 bit (AMD64)]",2.2.3,2.5.3,e7-36-2,e7,False
full,1008,21.674903300125152,21.59375,0.5674441000446677,0.012136599980294704,0.2982342999894172,2.2483157000970095,0.013103999895974994,194039808,90976256,194039808,,False,3069240,657502,2016,1008,4e6c6ca8c5dcc17a427a8df5b310070b85d2e26b5d75c2ce4a7172c5bde42a2e,"3.12.6 (tags/v3.12.6:a4a2d2b, Sep  6 2024, 20:11:23) [MSC v.1940 64 bit (AMD64)]",2.2.3,2.5.3,e7-36-3,e7,False
full,1008,22.45141699980013,22.15625,0.551455199951306,0.012145099928602576,0.3044582000002265,2.40212420001626,0.010273599997162819,194052096,90955776,194052096,,False,3069240,657502,2016,1008,4e6c6ca8c5dcc17a427a8df5b310070b85d2e26b5d75c2ce4a7172c5bde42a2e,"3.12.6 (tags/v3.12.6:a4a2d2b, Sep  6 2024, 20:11:23) [MSC v.1940 64 bit (AMD64)]",2.2.3,2.5.3,e7-36-4,e7,False
full,5040,57.48435029992834,57.171875,0.5402056998573244,0.0248925001360476,1.0997557998634875,7.62344429991208,0.03787640016525984,249769984,93597696,249769984,,False,15316325,3286366,10080,5040,44f229a555af0a2eab685b27c1144ba75ac6715e647ea9dc5bbe0fee0ead2099,"3.12.6 (tags/v3.12.6:a4a2d2b, Sep  6 2024, 20:11:23) [MSC v.1940 64 bit (AMD64)]",2.2.3,2.5.3,full-180-0,full,False
full,84,0.9647157001309097,0.953125,0.6848753001540899,0.01135080005042255,0.10202029999345541,0.24244299996644258,0.003974099876359105,95424512,91131904,103047168,,False,267686,55054,168,84,9996edf63e9cfb418f1151eab4e63be94cdaf4e0219449404bba13dff892fdfe,"3.12.6 (tags/v3.12.6:a4a2d2b, Sep  6 2024, 20:11:23) [MSC v.1940 64 bit (AMD64)]",2.2.3,2.5.3,full-3--1,full,True
full,84,3.5973834998439997,3.5625,0.5663983998820186,0.009962100069969893,0.10642720013856888,0.2437964000273496,0.0036140000447630882,99098624,91074560,106385408,3255866,True,267686,55054,168,84,9996edf63e9cfb418f1151eab4e63be94cdaf4e0219449404bba13dff892fdfe,"3.12.6 (tags/v3.12.6:a4a2d2b, Sep  6 2024, 20:11:23) [MSC v.1940 64 bit (AMD64)]",2.2.3,2.5.3,full-3-0-trace,full,False
full,84,0.9574248001445085,0.953125,0.5686238999478519,0.01059349998831749,0.1037153999786824,0.19470110000111163,0.0039178000297397375,95428608,91152384,103354368,,False,267686,55054,168,84,9996edf63e9cfb418f1151eab4e63be94cdaf4e0219449404bba13dff892fdfe,"3.12.6 (tags/v3.12.6:a4a2d2b, Sep  6 2024, 20:11:23) [MSC v.1940 64 bit (AMD64)]",2.2.3,2.5.3,full-3-0,full,False
full,84,0.9409053998533636,0.9375,0.6353611000813544,0.011331399902701378,0.10431959992274642,0.18891229992732406,0.0036941999569535255,95436800,91144192,103772160,,False,267686,55054,168,84,9996edf63e9cfb418f1151eab4e63be94cdaf4e0219449404bba13dff892fdfe,"3.12.6 (tags/v3.12.6:a4a2d2b, Sep  6 2024, 20:11:23) [MSC v.1940 64 bit (AMD64)]",2.2.3,2.5.3,full-3-1,full,False
full,84,1.028822099789977,1.015625,0.6908385001588613,0.012088999850675464,0.11353800003416836,0.18675699993036687,0.0046803997829556465,95420416,91123712,103104512,,False,267686,55054,168,84,9996edf63e9cfb418f1151eab4e63be94cdaf4e0219449404bba13dff892fdfe,"3.12.6 (tags/v3.12.6:a4a2d2b, Sep  6 2024, 20:11:23) [MSC v.1940 64 bit (AMD64)]",2.2.3,2.5.3,full-3-2,full,False
full,84,0.9348838999867439,0.921875,0.5601973999291658,0.010274400003254414,0.10499359993264079,0.18413259997032583,0.0032730000093579292,95428608,91127808,103632896,,False,267686,55054,168,84,9996edf63e9cfb418f1151eab4e63be94cdaf4e0219449404bba13dff892fdfe,"3.12.6 (tags/v3.12.6:a4a2d2b, Sep  6 2024, 20:11:23) [MSC v.1940 64 bit (AMD64)]",2.2.3,2.5.3,full-3-3,full,False
full,84,0.9563398999162018,0.953125,0.5462154999841005,0.010347699979320168,0.12302569998428226,0.19854960008524358,0.0038762001786381006,95166464,91176960,103038976,,False,267686,55054,168,84,9996edf63e9cfb418f1151eab4e63be94cdaf4e0219449404bba13dff892fdfe,"3.12.6 (tags/v3.12.6:a4a2d2b, Sep  6 2024, 20:11:23) [MSC v.1940 64 bit (AMD64)]",2.2.3,2.5.3,full-3-4,full,False
full,1008,12.686253699939698,12.578125,0.6173126001376659,0.01289340015500784,0.38641569996252656,1.8996719000861049,0.011158399982377887,125976576,91332608,128274432,,False,3069240,657502,2016,1008,4e6c6ca8c5dcc17a427a8df5b310070b85d2e26b5d75c2ce4a7172c5bde42a2e,"3.12.6 (tags/v3.12.6:a4a2d2b, Sep  6 2024, 20:11:23) [MSC v.1940 64 bit (AMD64)]",2.2.3,2.5.3,full-36-0,full,False
full,1008,12.481380000011995,12.46875,0.5480346002150327,0.011940099997445941,0.31896859989501536,1.6723607000894845,0.010063600027933717,125984768,91312128,128270336,,False,3069240,657502,2016,1008,4e6c6ca8c5dcc17a427a8df5b310070b85d2e26b5d75c2ce4a7172c5bde42a2e,"3.12.6 (tags/v3.12.6:a4a2d2b, Sep  6 2024, 20:11:23) [MSC v.1940 64 bit (AMD64)]",2.2.3,2.5.3,full-36-1,full,False
full,1008,12.033909199992195,11.984375,0.553491200087592,0.01231210003606975,0.30231989989988506,1.7029722000006586,0.00988540006801486,125952000,91303936,128200704,,False,3069240,657502,2016,1008,4e6c6ca8c5dcc17a427a8df5b310070b85d2e26b5d75c2ce4a7172c5bde42a2e,"3.12.6 (tags/v3.12.6:a4a2d2b, Sep  6 2024, 20:11:23) [MSC v.1940 64 bit (AMD64)]",2.2.3,2.5.3,full-36-2,full,False
full,1008,12.636598800076172,12.34375,0.5600405000150204,0.012910699937492609,0.46483210008591413,1.852441200055182,0.009830700000748038,125825024,91463680,127135744,,False,3069240,657502,2016,1008,4e6c6ca8c5dcc17a427a8df5b310070b85d2e26b5d75c2ce4a7172c5bde42a2e,"3.12.6 (tags/v3.12.6:a4a2d2b, Sep  6 2024, 20:11:23) [MSC v.1940 64 bit (AMD64)]",2.2.3,2.5.3,full-36-3,full,False
full,1008,12.72265400015749,12.46875,0.5492398000787944,0.012152200099080801,0.32673819991759956,1.6796144000254571,0.009592299815267324,125837312,91459584,127139840,,False,3069240,657502,2016,1008,4e6c6ca8c5dcc17a427a8df5b310070b85d2e26b5d75c2ce4a7172c5bde42a2e,"3.12.6 (tags/v3.12.6:a4a2d2b, Sep  6 2024, 20:11:23) [MSC v.1940 64 bit (AMD64)]",2.2.3,2.5.3,full-36-4,full,False
full,17024,196.90860739978962,195.953125,0.5891581000760198,0.051926900167018175,4.5897609000094235,31.118036199826747,0.142879500053823,582926336,101228544,582926336,,False,51788779,11099934,34048,17024,5d70355c06b142718a871917e98544b3b2762c39711efff04cba6c44f09ba57f,"3.12.6 (tags/v3.12.6:a4a2d2b, Sep  6 2024, 20:11:23) [MSC v.1940 64 bit (AMD64)]",2.2.3,2.5.3,full-608-0,full,False
summary,5040,54.808188299881294,54.484375,0.5551394000649452,0.022078600013628602,10.263064000057057,7.323824000079185,0.018194700125604868,243539968,93544448,243539968,,False,6135437,3286516,0,0,44f229a555af0a2eab685b27c1144ba75ac6715e647ea9dc5bbe0fee0ead2099,"3.12.6 (tags/v3.12.6:a4a2d2b, Sep  6 2024, 20:11:23) [MSC v.1940 64 bit (AMD64)]",2.2.3,2.5.3,summary-180-0,summary,False
summary,84,1.2116861999966204,1.03125,0.5755841999780387,0.011750100180506706,0.07597090001218021,0.18511540000326931,0.003435799852013588,95416320,91303936,102584320,,False,121173,55204,0,0,9996edf63e9cfb418f1151eab4e63be94cdaf4e0219449404bba13dff892fdfe,"3.12.6 (tags/v3.12.6:a4a2d2b, Sep  6 2024, 20:11:23) [MSC v.1940 64 bit (AMD64)]",2.2.3,2.5.3,summary-3--1,summary,True
summary,84,3.4620380999986082,3.359375,0.6170687000267208,0.011057900032028556,0.0970847001299262,0.20576849998906255,0.003514300100505352,99868672,90980352,105750528,3239269,True,121173,55204,0,0,9996edf63e9cfb418f1151eab4e63be94cdaf4e0219449404bba13dff892fdfe,"3.12.6 (tags/v3.12.6:a4a2d2b, Sep  6 2024, 20:11:23) [MSC v.1940 64 bit (AMD64)]",2.2.3,2.5.3,summary-3-0-trace,summary,False
summary,84,1.0698135001584888,1.0625,0.5797788000199944,0.012176899937912822,0.07992970012128353,0.19738560006953776,0.003765199799090624,95854592,91328512,103022592,,False,121173,55204,0,0,9996edf63e9cfb418f1151eab4e63be94cdaf4e0219449404bba13dff892fdfe,"3.12.6 (tags/v3.12.6:a4a2d2b, Sep  6 2024, 20:11:23) [MSC v.1940 64 bit (AMD64)]",2.2.3,2.5.3,summary-3-0,summary,False
summary,84,1.0456502998713404,1.03125,0.5798332998529077,0.01114449999295175,0.07671019993722439,0.18827619985677302,0.0026575999800115824,95420416,91308032,102981632,,False,121173,55204,0,0,9996edf63e9cfb418f1151eab4e63be94cdaf4e0219449404bba13dff892fdfe,"3.12.6 (tags/v3.12.6:a4a2d2b, Sep  6 2024, 20:11:23) [MSC v.1940 64 bit (AMD64)]",2.2.3,2.5.3,summary-3-1,summary,False
summary,84,1.0142493001185358,0.96875,0.6360879999119788,0.010306800017133355,0.07371129980310798,0.1792029000353068,0.0032770000398159027,95801344,91267072,102928384,,False,121173,55204,0,0,9996edf63e9cfb418f1151eab4e63be94cdaf4e0219449404bba13dff892fdfe,"3.12.6 (tags/v3.12.6:a4a2d2b, Sep  6 2024, 20:11:23) [MSC v.1940 64 bit (AMD64)]",2.2.3,2.5.3,summary-3-2,summary,False
summary,84,1.0187456000130624,1.0,0.5607425000052899,0.010725599946454167,0.08058149996213615,0.18645239993929863,0.003609099891036749,95420416,91308032,102981632,,False,121173,55204,0,0,9996edf63e9cfb418f1151eab4e63be94cdaf4e0219449404bba13dff892fdfe,"3.12.6 (tags/v3.12.6:a4a2d2b, Sep  6 2024, 20:11:23) [MSC v.1940 64 bit (AMD64)]",2.2.3,2.5.3,summary-3-3,summary,False
summary,84,1.0119922999292612,1.015625,0.5635736000258476,0.01718789990991354,0.07405290007591248,0.18117419979535043,0.003530600108206272,95428608,91316224,102612992,,False,121173,55204,0,0,9996edf63e9cfb418f1151eab4e63be94cdaf4e0219449404bba13dff892fdfe,"3.12.6 (tags/v3.12.6:a4a2d2b, Sep  6 2024, 20:11:23) [MSC v.1940 64 bit (AMD64)]",2.2.3,2.5.3,summary-3-4,summary,False
summary,1008,10.775708999950439,10.78125,0.549626599997282,0.012074899859726429,0.5884068000596017,1.6771608002018183,0.006296599982306361,123432960,91705344,123432960,,False,1242360,657652,0,0,4e6c6ca8c5dcc17a427a8df5b310070b85d2e26b5d75c2ce4a7172c5bde42a2e,"3.12.6 (tags/v3.12.6:a4a2d2b, Sep  6 2024, 20:11:23) [MSC v.1940 64 bit (AMD64)]",2.2.3,2.5.3,summary-36-0,summary,False
summary,1008,13.248197500128299,13.171875,0.5855137999169528,0.013220200082287192,1.0112714001443237,1.7154946001246572,0.005479099927470088,123465728,91705344,123465728,,False,1242360,657652,0,0,4e6c6ca8c5dcc17a427a8df5b310070b85d2e26b5d75c2ce4a7172c5bde42a2e,"3.12.6 (tags/v3.12.6:a4a2d2b, Sep  6 2024, 20:11:23) [MSC v.1940 64 bit (AMD64)]",2.2.3,2.5.3,summary-36-1,summary,False
summary,1008,11.88981939991936,11.875,0.5458626998588443,0.011968300212174654,0.611546800006181,1.6084420001134276,0.006023199995979667,124260352,92000256,124260352,,False,1242360,657652,0,0,4e6c6ca8c5dcc17a427a8df5b310070b85d2e26b5d75c2ce4a7172c5bde42a2e,"3.12.6 (tags/v3.12.6:a4a2d2b, Sep  6 2024, 20:11:23) [MSC v.1940 64 bit (AMD64)]",2.2.3,2.5.3,summary-36-2,summary,False
summary,1008,11.97635110002011,11.875,0.5444012000225484,0.012517000082880259,0.6932395999319851,2.006836700020358,0.018724400084465742,123482112,91701248,123482112,,False,1242360,657652,0,0,4e6c6ca8c5dcc17a427a8df5b310070b85d2e26b5d75c2ce4a7172c5bde42a2e,"3.12.6 (tags/v3.12.6:a4a2d2b, Sep  6 2024, 20:11:23) [MSC v.1940 64 bit (AMD64)]",2.2.3,2.5.3,summary-36-3,summary,False
summary,1008,12.340802400140092,12.234375,0.5404854000080377,0.012786100152879953,0.6215246000792831,1.687077100155875,0.007111099781468511,124268544,92016640,124268544,,False,1242360,657652,0,0,4e6c6ca8c5dcc17a427a8df5b310070b85d2e26b5d75c2ce4a7172c5bde42a2e,"3.12.6 (tags/v3.12.6:a4a2d2b, Sep  6 2024, 20:11:23) [MSC v.1940 64 bit (AMD64)]",2.2.3,2.5.3,summary-36-4,summary,False
summary,17024,204.99101249990053,204.046875,0.6271420000120997,0.04894020012579858,119.60972239985131,30.712392600020394,0.06984080001711845,570036224,101502976,570036224,,False,20681632,11100084,0,0,5d70355c06b142718a871917e98544b3b2762c39711efff04cba6c44f09ba57f,"3.12.6 (tags/v3.12.6:a4a2d2b, Sep  6 2024, 20:11:23) [MSC v.1940 64 bit (AMD64)]",2.2.3,2.5.3,summary-608-0,summary,False
