run_id,dispersion,max_iter,prediction,penalty,alpha,l1_ratio,mse,mae
3af7fd75-ff68-416c-a198-83167f300b52,0.001,500,mode,elasticnet,0.01,1.0,11.472832936563506,2.6498389581291137
e6212067-b788-4b18-806b-6b7d012dab23,0.001,500,mode,elasticnet,0.01,0.5,11.486206413667553,2.6510292676095784
5b670425-76d3-4d7e-ac11-0ab0c738039c,0.001,500,mode,elasticnet,1.0,0.0,11.49152779722728,2.6528497409326426
174e8f58-0b76-406a-a1ce-dcd849baeffe,0.001,500,mode,elasticnet,0.01,0.0,11.50217056434673,2.6546702142557064
689fdf2d-d08e-4c56-bfa4-1879f9ce416f,0.001,500,mode,elasticnet,0.0001,0.5,11.502660691779862,2.6543201232320404
41136cef-e67b-4b62-9b3f-dde9d3c4719f,0.001,500,mode,elasticnet,0.001,0.0,11.502730709984595,2.6543901414367737
42b9773e-0d6a-4ea4-8f57-33dc99b480d7,0.001,500,mode,elasticnet,0.1,0.5,11.503010782803528,2.6507491947906456
5a91dfd2-9743-4b68-a1e1-1cd69ebc3ece,0.001,500,mode,elasticnet,0.001,0.5,11.503570928441395,2.6546702142557064
b2b2c648-eb9f-41ed-918f-3e14b33722fa,0.001,500,mode,elasticnet,0.0001,0.0,11.503991037669794,2.6546702142557064
2196c6f0-9b5a-4794-ab5d-cf418809e2df,0.001,500,mode,elasticnet,0.001,1.0,11.50455118330766,2.6541100686178405
0370eed4-fa62-4786-8b9b-ee6da6c1aff2,0.001,500,mode,elasticnet,0.0001,1.0,11.505671474583393,2.6549502870746395
b77b200b-3d6f-41e2-976c-6dca0cc41292,0.001,500,mode,elasticnet,0.1,0.0,11.509242403024787,2.6547402324604397
766049bc-1696-45cd-baea-e19ad5dc55eb,0.001,500,mode,elasticnet,0.1,1.0,11.53122811931102,2.653619941184708
97676efa-f69a-40c3-9d6a-ec7823ba5214,0.01,500,mode,elasticnet,0.1,0.5,11.552653689959389,2.653059795546842
8360e175-21ab-4e50-b247-c2d3a7a186bf,0.01,500,mode,elasticnet,0.01,1.0,11.554124072258787,2.6552303598935723
6c3c8c29-a215-4c79-beec-7f1486bd5057,0.01,500,mode,elasticnet,0.01,0.5,11.57737011623022,2.659991597815432
0214b292-18b4-45d9-bc01-0b4423f9faab,0.01,500,mode,elasticnet,0.1,1.0,11.57933062596275,2.6564906875787706
53968ed1-c3ba-44c7-a54c-f66d3e049535,0.01,500,mode,elasticnet,1.0,0.0,11.585562246184008,2.6604817252485646
36908793-d439-4370-b934-f1cb0ff3728a,0.01,500,mode,elasticnet,0.001,1.0,11.590673575129534,2.6609718526816972
13ea3198-6e6d-41b9-8f87-e7ec356c62be,0.01,500,mode,elasticnet,0.1,0.0,11.595154740232461,2.663072398823694
d7a20a25-6cdd-4a95-9a5f-2e5c3e875673,0.01,500,mode,elasticnet,0.001,0.5,11.596485086122392,2.661882089343229
90e6fc49-f66c-4e77-8f2b-2d82c15574a6,0.01,500,mode,elasticnet,0.0001,0.5,11.597465340988657,2.66146198011483
201a5153-1071-40de-a136-f9aa1d2a6100,0.01,500,mode,elasticnet,0.0001,0.0,11.599215796106987,2.661531998319563
1b026493-231a-4758-9c95-cd92b069ae65,0.01,500,mode,elasticnet,0.001,0.0,11.599215796106987,2.6616720347290297
7bb1318d-a944-4531-899f-b0f600087c82,0.01,500,mode,elasticnet,0.01,0.0,11.602016524296317,2.662092143957429
c56eb267-6f5a-4213-815b-a411934bf39c,0.001,500,mode,elasticnet,1.0,0.5,11.605937543761378,2.6595714885870327
3b802a9f-bc48-4d74-8eff-a949a2e58748,0.001,500,mode,elasticnet,1.0,1.0,11.605937543761378,2.6595714885870327
541f4d27-1ec6-48b6-849a-23d08eace5c4,0.01,500,mode,elasticnet,1.0,0.5,11.605937543761378,2.6595714885870327
844133ec-446d-4ded-ac50-9ee820b9e840,0.01,500,mode,elasticnet,1.0,1.0,11.605937543761378,2.6595714885870327
8817fa3c-bc82-441e-b98b-325d066cc773,0.03,500,mode,elasticnet,1.0,0.5,11.605937543761378,2.6595714885870327
4e8c7716-3362-4985-8f28-b14c66b6d06d,0.03,500,mode,elasticnet,1.0,1.0,11.605937543761378,2.6595714885870327
ba65af33-4771-4846-8fdf-efdb39ee3afa,0.01,500,mode,elasticnet,0.0001,1.0,11.607197871446576,2.6623722167763617
4eefc396-f052-4e03-9a6f-b8dbea5b3da9,0.03,500,mode,elasticnet,0.1,1.0,11.661812071138495,2.6640526536899594
16c3bf0f-887f-4df5-b77f-d755506d48e6,0.03,500,mode,elasticnet,0.1,0.5,11.704943285254165,2.6661531998319563
0b57b4d4-7b8c-4c06-a877-48d41047b2b3,0.03,500,mode,elasticnet,0.01,1.0,11.793096205013303,2.677006021565607
c22dc02e-75fe-4456-bef8-3f25e899d8df,0.03,500,mode,elasticnet,1.0,0.0,11.815151939504272,2.680576950007002
e0af3568-6d8a-46c7-9a26-037d2c39e53e,0.03,500,mode,elasticnet,0.01,0.5,11.815432012323203,2.6807169864164684
000ed8d0-be3d-4a2b-8ec0-7ca02b6956b1,0.03,500,mode,elasticnet,0.1,0.0,11.839518274751436,2.683657751015264
acbd8360-3d5c-4540-a13c-fc5e6bc1f850,0.03,500,mode,elasticnet,0.0001,0.5,11.845329785744294,2.6837277692199972
01784c22-a0a1-4482-ab6c-14090c704146,0.03,500,mode,elasticnet,0.001,1.0,11.847080240862624,2.684638005881529
3ede3d92-6001-428b-84f6-55f1b380c3c0,0.03,500,mode,elasticnet,0.01,0.0,11.848200532138357,2.6843579330625964
127b3770-efc1-4a44-b668-ba7e588d12af,0.03,500,mode,elasticnet,0.0001,0.0,11.848480604957288,2.6843579330625964
56a1a083-cbf6-40be-b567-6a254e849e2b,0.03,500,mode,elasticnet,0.001,0.0,11.848760677776221,2.6844979694720625
40effd6b-557f-49ae-829d-ae262788a1e7,0.03,500,mode,elasticnet,0.0001,1.0,11.850791205713486,2.684287914857863
ec8751cb-7755-432e-abd4-2f528b878e14,0.03,500,mode,elasticnet,0.001,0.5,11.853381879288616,2.6858983335667275
757896f5-d7a6-4eb3-9715-54e37155023c,0.1,500,mode,elasticnet,0.01,0.5,13.344559585492227,2.829925780702983
6fb70bbe-7c91-42c0-b858-5eec4bc70b1b,0.1,500,mode,elasticnet,1.0,0.0,13.351491387760818,2.831536199411847
8c79299d-dfad-4fa9-a6cc-e1d20fd89807,0.1,500,mode,elasticnet,0.0001,0.0,13.364864864864865,2.8341268729869764
d7604a44-93b6-497a-b3c8-67d2425a9403,0.1,500,mode,elasticnet,0.001,0.0,13.365354992297997,2.8341968911917097
24a829ef-2e9e-4ae9-9f57-f83921a7a028,0.1,500,mode,elasticnet,0.01,1.0,13.365705083321664,2.8323063996639126
3ffb85f9-f1fc-4d27-8a42-5267f565b20f,0.1,500,mode,elasticnet,0.01,0.0,13.366755356392662,2.8343369276011763
111b50fa-b8bc-4167-a995-7739c7061b24,0.1,500,mode,elasticnet,0.0001,0.5,13.369976193810391,2.8346170004201094
e00036b1-49a6-42e4-a873-efdd27e1a5b1,0.1,500,mode,elasticnet,0.0001,1.0,13.37018624842459,2.8344069458059096
bf18421e-34e7-4e7c-938b-baca13a6853a,0.1,500,mode,elasticnet,0.1,0.0,13.370536339448256,2.833916818372777
4edb49b7-d8da-42ae-a808-2921ae306f99,0.1,500,mode,elasticnet,0.001,1.0,13.375437613779583,2.8343369276011763
f7a11b3b-8a94-4516-bca6-a2852d360c17,0.1,500,mode,elasticnet,0.001,0.5,13.376137795826915,2.8346170004201094
ee1d576e-4303-4e39-a8e4-bb81fca0aa2b,0.1,500,mode,elasticnet,0.1,0.5,13.643607337907856,2.8626242823134014
d619110e-8392-435d-bc11-d83ec80f76c8,0.1,500,mode,elasticnet,0.1,1.0,13.839588292956169,2.8811791065677075
87cbb1ea-0a4d-424a-a07d-e0a17254910b,0.1,500,mode,elasticnet,1.0,0.5,13.869626102786725,2.884609998599636
df76e9ed-f988-4f85-b945-592e797717f7,0.1,500,mode,elasticnet,1.0,1.0,13.869626102786725,2.884609998599636
310a8699-4a7e-4355-b56b-37735c4478ed,0.3,500,mode,elasticnet,0.001,0.0,22.751715446015965,3.81361153900014
d2b2ff3b-2eb5-4487-b46d-a178d8b85b5e,0.3,500,mode,elasticnet,0.0001,0.0,22.754586192410027,3.81382159361434
8efd6b30-da80-46b9-b21b-de0dee283902,0.3,500,mode,elasticnet,0.01,0.0,22.75507631984316,3.814451757456939
4621b7d2-64c4-488c-ae54-7f7ef243e869,0.3,500,mode,elasticnet,0.0001,0.5,22.76480885030108,3.814521775661672
d53ffe28-f13e-4535-80b1-8ed420e36963,0.3,500,mode,elasticnet,0.0001,1.0,22.77006021565607,3.815011903094805
98963239-3154-46a7-a68c-36b2224e7f4e,0.3,500,mode,elasticnet,0.1,0.0,22.78693460299678,3.8162022125752695
f978f931-ac4b-4967-92df-aa337d04cd2c,0.3,500,mode,elasticnet,0.001,0.5,22.81249124772441,3.819353031788265
aca3cd29-b564-4372-afc7-052d6d5ad1a9,0.3,500,mode,elasticnet,0.001,1.0,22.812911356952807,3.819353031788265
8a31bec6-75b0-4b2a-9094-7c28c5e83f38,0.3,500,mode,elasticnet,1.0,0.0,23.028427391121692,3.842459039350231
5025d2db-7849-4e97-9624-9a3291467327,0.3,500,mode,elasticnet,0.01,0.5,23.044601596415067,3.844209494468562
e1d3af33-3e11-4928-8dc9-5681061ee674,0.3,500,mode,elasticnet,0.01,1.0,23.363324464360733,3.87711805069318
842fd5b6-ddee-4e23-b9ce-4d4f6abc1ff4,0.3,500,mode,elasticnet,0.1,0.5,24.335037109648507,3.974443355272371
54ad0deb-28f1-46f3-a5f2-b99ddbc61995,0.3,500,mode,elasticnet,0.1,1.0,24.39700322083742,3.9798347570368295
289ba4e2-d021-4437-9115-9902f8330a39,0.3,500,mode,elasticnet,1.0,0.5,24.39700322083742,3.9798347570368295
4fa2e3a4-f516-456b-bf35-5be25e93a400,0.3,500,mode,elasticnet,1.0,1.0,24.39700322083742,3.9798347570368295
74a8036d-a33f-4e0b-bb91-07cdb8714fe8,1.0,500,mode,elasticnet,0.0001,0.0,103.9791345749895,9.631844279512674
748c7b9e-8057-4e07-9eef-f2a94f2ed185,1.0,500,mode,elasticnet,0.0001,0.5,103.9791345749895,9.631844279512674
eb7437ae-8f7b-42e7-975c-af2b8ae0b793,1.0,500,mode,elasticnet,0.0001,1.0,103.9791345749895,9.631844279512674
2bfa82bf-c1ae-4547-88a4-4ab533ed0b43,1.0,500,mode,elasticnet,0.001,0.0,103.9791345749895,9.631844279512674
da5ef9eb-81c0-47db-9a28-30cf516aeb89,1.0,500,mode,elasticnet,0.001,0.5,103.9791345749895,9.631844279512674
417f952c-077b-4cba-b031-37984731be85,1.0,500,mode,elasticnet,0.001,1.0,103.9791345749895,9.631844279512674
02180c05-7e89-47fa-8531-2236fbab360b,1.0,500,mode,elasticnet,0.01,0.0,103.9791345749895,9.631844279512674
5dd07b11-c491-4e22-97f0-3d78b1ff53cb,1.0,500,mode,elasticnet,0.01,0.5,103.9791345749895,9.631844279512674
6c072cf0-7e60-491e-9812-cf14928a74a2,1.0,500,mode,elasticnet,0.01,1.0,103.9791345749895,9.631844279512674
1cd27649-b5dc-4c77-abb8-89b1294e9a40,1.0,500,mode,elasticnet,0.1,0.0,103.9791345749895,9.631844279512674
62b61505-361f-4ce6-b0f0-dc9dc4fae836,1.0,500,mode,elasticnet,0.1,0.5,103.9791345749895,9.631844279512674
b0368a73-a56a-45f2-8969-7fdabc8cdded,1.0,500,mode,elasticnet,0.1,1.0,103.9791345749895,9.631844279512674
8f436921-114c-4f59-88d2-1abf60c266c9,1.0,500,mode,elasticnet,1.0,0.0,103.9791345749895,9.631844279512674
81fd8116-a43e-4918-9937-ac750efccabc,1.0,500,mode,elasticnet,1.0,0.5,103.9791345749895,9.631844279512674
62bce3e7-5427-4be7-89a5-dc3681335caf,1.0,500,mode,elasticnet,1.0,1.0,103.9791345749895,9.631844279512674
