stem,raw_matches,excluded_awarded,default_matches,resumed_bounds,changed_award_ids,original_fields_preserved
Bundesliga_10_11,306,1,305,0,[1399769],True
Bundesliga_11_12,306,0,306,0,[],True
Bundesliga_12_13,306,0,306,0,[],True
Bundesliga_13_14,306,0,306,0,[],True
Bundesliga_14_15,306,0,306,0,[],True
Bundesliga_2_10_11,306,0,306,0,[],True
Bundesliga_2_11_12,306,0,306,0,[],True
Bundesliga_2_12_13,306,0,306,0,[],True
Bundesliga_2_13_14,306,0,306,0,[],True
Bundesliga_2_14_15,306,0,306,0,[],True
Championship_10_11,552,0,552,0,[],True
Championship_11_12,552,0,552,0,[],True
Championship_12_13,552,0,552,0,[],True
Championship_13_14,552,0,552,0,[],True
Championship_14_15,551,0,551,0,[],True
Eredivisie_10_11,306,0,306,0,[],True
Eredivisie_11_12,306,0,306,0,[],True
Eredivisie_12_13,306,0,306,0,[],True
Eredivisie_13_14,306,0,306,0,[],True
Eredivisie_14_15,306,0,306,0,[],True
La_Liga_10_11,380,0,380,0,[],True
La_Liga_11_12,380,0,380,1,[],True
La_Liga_12_13,380,0,380,0,[],True
La_Liga_13_14,380,0,380,0,[],True
La_Liga_14_15,380,0,380,0,[],True
La_Liga_2_10_11,462,0,462,0,[],True
La_Liga_2_11_12,462,0,462,0,[],True
La_Liga_2_12_13,462,0,462,0,[],True
La_Liga_2_13_14,462,0,462,0,[],True
La_Liga_2_14_15,462,0,462,0,[],True
Ligue_1_10_11,380,0,380,0,[],True
Ligue_1_11_12,380,0,380,0,[],True
Ligue_1_12_13,380,0,380,0,[],True
Ligue_1_13_14,380,1,379,0,[3944327],True
Ligue_1_14_15,380,0,380,0,[],True
Ligue_2_10_11,380,0,380,0,[],True
Ligue_2_11_12,380,0,380,0,[],True
Ligue_2_12_13,380,0,380,0,[],True
Ligue_2_13_14,380,0,380,0,[],True
Ligue_2_14_15,380,0,380,0,[],True
Premier_League_10_11,380,0,380,0,[],True
Premier_League_11_12,380,0,380,0,[],True
Premier_League_12_13,380,0,380,0,[],True
Premier_League_13_14,380,0,380,0,[],True
Premier_League_14_15,380,0,380,0,[],True
Premiership_10_11,198,0,198,0,[],True
Premiership_11_12,198,0,198,0,[],True
Premiership_12_13,198,0,198,0,[],True
Premiership_13_14,198,0,198,0,[],True
Premiership_14_15,198,0,198,0,[],True
Pro_League_10_11,240,0,240,0,[],True
Pro_League_11_12,240,0,240,0,[],True
Pro_League_12_13,240,0,240,0,[],True
Pro_League_13_14,240,0,240,0,[],True
Pro_League_14_15,239,0,239,0,[],True
Serie_A_10_11,380,0,380,0,[],True
Serie_A_11_12,380,0,380,0,[],True
Serie_A_12_13,380,1,379,0,[2893007],True
Serie_A_13_14,380,0,380,0,[],True
Serie_A_14_15,380,0,380,0,[],True
Serie_B_10_11,462,0,462,0,[],True
Serie_B_11_12,462,0,462,1,[],True
Serie_B_12_13,462,0,462,0,[],True
Serie_B_13_14,462,0,462,0,[],True
Serie_B_14_15,462,0,462,0,[],True
